CMPL123__Apply_To_Automated_User__c,CMPL123__Are_Child_Files_Locked__c,CMPL123__External_Id__c,CMPL123__Is_Record_Lock_Required__c,CMPL123__Is_Related_Lists_Locked__c,CMPL123__Object_Related_List_Relationship__c,CMPL123__Parent_Workflow_Step__c,CMPL123__Parent_Workflow_Step__r,CMPL123__Parent_Workflow_Step__r.CMPL123__WF_Step_External_Id__c,CMPL123__WF_Locked_Fields__c,Id,Name
true,false,a1K5r000006ydv3EAA,false,false,,a1L7E000001q67vUAA,a1L7E000001q67vUAA,qpa-complaints-wfstep-011,,a1K7E000004R2MoUAK,Automated Process User
true,false,a1K5r000006ytOXEAY,false,false,,a1L7E000001q68VUAQ,a1L7E000001q68VUAQ,a1L5r000000wVucEAE,,a1K7E000004R2MqUAK,Automated Process User
true,false,a1K5r0000070oWeEAI,false,false,,a1L7E000001q66zUAA,a1L7E000001q66zUAA,a1L5r000001PywYEAS,,a1K7E000004R2MyUAK,Automated Process User
true,false,a1K5r000007070iEAA,false,false,,a1L7E000001q674UAA,a1L7E000001q674UAA,a1L5r000001PTkhEAG,,a1K7E000004R2N4UAK,Automated Process User
true,false,a1K5r00000707bOEAQ,false,false,,a1L7E000001q66xUAA,a1L7E000001q66xUAA,a1L5r000001PUlyEAG,,a1K7E000004R2NAUA0,Automated Process User
true,false,a1K5r00000707y6EAA,false,false,,a1L7E000001q69BUAQ,a1L7E000001q69BUAQ,qpa-complaints-wfstep-014,,a1K7E000004R2NEUA0,Automated Process User
true,false,a1K5r00000707iaEAA,false,false,,a1L7E000001q69AUAQ,a1L7E000001q69AUAQ,a1L5r000001PUy7EAG,,a1K7E000004R2NHUA0,Automated Process User
true,false,a1K5r000006yfFjEAI,false,false,,a1L7E000001q68sUAA,a1L7E000001q68sUAA,qpa-complaints-wfstep-015,,a1K7E000004R2NOUA0,Automated Process User
true,false,a1K5r000006yfFoEAI,false,false,,a1L7E000001q697UAA,a1L7E000001q697UAA,a1L5r000000wDJPEA2,,a1K7E000004R2NPUA0,Automated Process User
true,false,a1K5r000006yh3pEAA,false,false,,a1L7E000001q68mUAA,a1L7E000001q68mUAA,qpa-complaints-wfstep-002,,a1K7E000004R2NUUA0,Automated Process User
true,false,a1K5r000006yfFtEAI,false,false,,a1L7E000001q67aUAA,a1L7E000001q67aUAA,a1L5r000000wDJUEA2,,a1K7E000004R2NWUA0,Automated Process User
true,false,a1K5r000006yh3uEAA,false,false,,a1L7E000001q68MUAQ,a1L7E000001q68MUAQ,qpa-complaints-wfstep-009,,a1K7E000004R2NZUA0,Automated Process User
true,false,a1K5r0000070rqVEAQ,false,false,,a1L7E000001q68SUAQ,a1L7E000001q68SUAQ,qpa-utility-inv-00002,,a1K7E000004R2NbUAK,Automated Process User
true,false,a1K5r00000707azEAA,false,false,,a1L7E000001q68yUAA,a1L7E000001q68yUAA,qpa-utility-inv-00001,,a1K7E000004R2NdUAK,Automated Process User
true,false,a1K5r000006yvGrEAI,false,false,,a1L7E000001q68kUAA,a1L7E000001q68kUAA,a1L5r000000wVumEAE,,a1K7E000004R2NhUAK,Automated Process User
true,false,a1K5r000006yduyEAA,false,false,,a1L7E000001q67iUAA,a1L7E000001q67iUAA,qpa-complaints-wfstep-012,,a1K7E000004R2NmUAK,Automated Process User
true,false,a1K5r000006yfFeEAI,false,false,,a1L7E000001q698UAA,a1L7E000001q698UAA,qpa-complaints-wfstep-001,,a1K7E000004R2NzUAK,Automated Process User
true,false,a1K5r000006yhCcEAI,false,false,,a1L7E000001q68uUAA,a1L7E000001q68uUAA,qpa-utility-inv-00003,,a1K7E000004R2O0UAK,Automated Process User
true,false,a1K9O000000OZ33UAG,false,false,,a1L9X000001DOSAUA4,a1L9X000001DOSAUA4,a1L9O000000Yb6nUAC,,a1K9X000000SV2TUAW,Automated Process User
true,false,a1K9O000000OZ4fUAG,false,false,,a1L9X000001DOSBUA4,a1L9X000001DOSBUA4,a1L9O000000Yb8PUAS,,a1K9X000000SV2UUAW,Automated Process User
