CMPL123__Apply_To_Automated_User__c,CMPL123__Are_Child_Files_Locked__c,CMPL123__External_Id__c,CMPL123__Is_Record_Lock_Required__c,CMPL123__Is_Related_Lists_Locked__c,CMPL123__Object_Related_List_Relationship__c,CMPL123__Parent_Workflow_Step__c,CMPL123__Parent_Workflow_Step__r.CMPL123__WF_Step_External_Id__c,CMPL123__WF_Locked_Fields__c,Id,Name
true,false,a1K5r0000070C77EAE,false,false,,a1L7E000001q68BUAQ,a1L5r000001MIKvEAO,,a1K7E000004R2MnUAK,Automated Process User
true,false,a1K5r0000070C7HEAU,false,false,,a1L7E000001q67QUAQ,a1L5r000001MasCEAS,,a1K7E000004R2MpUAK,Automated Process User
true,false,a1K5r000006z0pfEAA,false,false,,a1L7E000001q67YUAQ,a1L5r000000wMgtEAE,,a1K7E000004R2MsUAK,Automated Process User
true,false,a1K5r0000070C6xEAE,false,false,,a1L7E000001q67dUAA,qpa-complaints-wfstep-035,,a1K7E000004R2MtUAK,Automated Process User
true,false,a1K5r0000070C6iEAE,false,false,,a1L7E000001q68NUAQ,qpa-complaints-wfstep-019,,a1K7E000004R2MuUAK,Automated Process User
true,false,a1K5r0000070C72EAE,false,false,,a1L7E000001q67DUAQ,a1L5r000001MIKqEAO,,a1K7E000004R2MvUAK,Automated Process User
true,false,a1K5r0000070C7CEAU,false,false,,a1L7E000001q68HUAQ,a1L5r000001MIL0EAO,,a1K7E000004R2MwUAK,Automated Process User
true,false,a1K5r0000070C7MEAU,false,false,,a1L7E000001q68JUAQ,a1L5r000001Nhj6EAC,,a1K7E000004R2MxUAK,Automated Process User
true,false,a1K5r0000070C6nEAE,false,false,,a1L7E000001q67GUAQ,qpa-complaints-wfstep-028,,a1K7E000004R2MzUAK,Automated Process User
true,false,a1K5r000007070iEAA,false,false,,a1L7E000001q674UAA,a1L5r000001PTkhEAG,,a1K7E000004R2N4UAK,Automated Process User
true,false,a1K5r00000707iVEAQ,false,false,,a1L7E000001q699UAA,a1L5r000001PUy2EAG,,a1K7E000004R2N6UAK,Automated Process User
true,false,a1K5r000006ybOFEAY,false,false,,a1L7E000001q67PUAQ,oly-assessment-usmdr-00002,,a1K7E000004R2N8UAK,Automated Process User
true,false,a1K5r000006z3FZEAY,false,false,,a1L7E000001q67UUAQ,qpa-complaints-wfstep-021,,a1K7E000004R2N9UAK,Automated Process User
true,false,a1K5r000006z4UcEAI,false,false,,a1L7E000001q67AUAQ,a1L5r000001MgEiEAK,,a1K7E000004R2NBUA0,Automated Process User
true,false,a1K5r000007091qEAA,false,false,,a1L7E000001q67ZUAQ,a1L5r000001P1KVEA0,,a1K7E000004R2NCUA0,Automated Process User
true,false,a1K5r000006z0paEAA,false,false,,a1L7E000001q69HUAQ,a1L5r000000wMh3EAE,,a1K7E000004R2NDUA0,Automated Process User
true,false,a1K5r000006z3FeEAI,false,false,,a1L7E000001q67pUAA,a1L5r000001MIL5EAO,,a1K7E000004R2NFUA0,Automated Process User
true,false,a1K5r000006z4UrEAI,false,false,,a1L7E000001q672UAA,a1L5r000001MgEnEAK,,a1K7E000004R2NGUA0,Automated Process User
true,false,a1K5r00000707iaEAA,false,false,,a1L7E000001q69AUAQ,a1L5r000001PUy7EAG,,a1K7E000004R2NHUA0,Automated Process User
true,false,a1K5r000006ybOUEAY,false,false,,a1L7E000001q68nUAA,a1L5r000000wEOYEA2,,a1K7E000004R2NIUA0,Automated Process User
true,false,a1K5r000006ybOeEAI,false,false,,a1L7E000001q68GUAQ,a1L5r000000wEOiEAM,,a1K7E000004R2NJUA0,Automated Process User
true,false,a1K5r000006ye1WEAQ,false,false,,a1L7E000001q67kUAA,qpa-complaints-wfstep-033,,a1K7E000004R2NMUA0,Automated Process User
true,false,a1K5r000006ybOZEAY,false,false,,a1L7E000001q68vUAA,a1L5r000000wEOdEAM,,a1K7E000004R2NNUA0,Automated Process User
true,false,a1K5r000006ybO5EAI,false,false,,a1L7E000001q67gUAA,oly-assessment-usmdr-00003,,a1K7E000004R2NTUA0,Automated Process User
true,false,a1K5r000007004BEAQ,false,false,,a1L7E000001q688UAA,qpa-complaints-wfstep-004,,a1K7E000004R2NaUAK,Automated Process User
true,false,a1K5r0000070rqVEAQ,false,false,,a1L7E000001q68SUAQ,qpa-utility-inv-00002,,a1K7E000004R2NbUAK,Automated Process User
true,false,a1K5r000007070sEAA,false,false,,a1L7E000001q675UAA,a1L5r000001PTkrEAG,,a1K7E000004R2NcUAK,Automated Process User
true,false,a1K5r00000707azEAA,false,false,,a1L7E000001q68yUAA,qpa-utility-inv-00001,,a1K7E000004R2NdUAK,Automated Process User
true,false,a1K5r000007091gEAA,false,false,,a1L7E000001q69GUAQ,a1L5r000000wMgyEAE,,a1K7E000004R2NgUAK,Automated Process User
true,false,a1K5r00000709TAEAY,false,false,,a1L7E000001q69FUAQ,a1L5r000001P1KGEA0,,a1K7E000004R2NiUAK,Automated Process User
true,false,a1K5r00000709KlEAI,false,false,,a1L7E000001q68UUAQ,a1L5r000000wMgjEAE,,a1K7E000004R2NjUAK,Automated Process User
true,false,a1K5r000006zNfmEAE,false,false,,a1L7E000001q676UAA,qpa-complaints-wfstep-036,,a1K7E000004R2NkUAK,Automated Process User
true,false,a1K5r000007091lEAA,false,false,,a1L7E000001q69DUAQ,a1L5r000001P1KQEA0,,a1K7E000004R2NoUAK,Automated Process User
true,false,a1K5r000007091vEAA,false,false,,a1L7E000001q67WUAQ,a1L5r000001P1KLEA0,,a1K7E000004R2NpUAK,Automated Process User
true,false,a1K5r00000709L0EAI,false,false,,a1L7E000001q67SUAQ,a1L5r000000wMgoEAE,,a1K7E000004R2NqUAK,Automated Process User
true,false,a1K5r000006z3FUEAY,false,false,,a1L7E000001q68KUAQ,qpa-complaints-wfstep-020,,a1K7E000004R2NrUAK,Automated Process User
true,false,a1K5r000006ybOAEAY,false,false,,a1L7E000001q693UAA,oly-assessment-usmdr-00004,,a1K7E000004R2NtUAK,Automated Process User
true,false,a1K5r000006ybOKEAY,false,false,,a1L7E000001q68TUAQ,oly-assessment-usmdr-00001,,a1K7E000004R2NuUAK,Automated Process User
true,false,a1K5r000006ybOPEAY,false,false,,a1L7E000001q68iUAA,a1L5r000000wEOTEA2,,a1K7E000004R2NvUAK,Automated Process User
true,false,a1K5r000006z8KGEAY,false,false,,a1L7E000001q67TUAQ,a1L5r000001MILAEA4,,a1K7E000004R2NwUAK,Automated Process User
true,false,a1K5r000006zNfhEAE,false,false,,a1L7E000001q69EUAQ,a1L5r000001MILFEA4,,a1K7E000004R2NxUAK,Automated Process User
true,false,a1K5r000006ydzkEAA,false,false,,a1L7E000001q67bUAA,qpa-complaints-wfstep-032,,a1K7E000004R2NyUAK,Automated Process User
true,false,a1K5r000006yhCcEAI,false,false,,a1L7E000001q68uUAA,qpa-utility-inv-00003,,a1K7E000004R2O0UAK,Automated Process User
true,false,a1K5r0000070046EAA,false,false,,a1L7E000001q696UAA,a1L5r000000wBKNEA2,,a1K7E000004R2O1UAK,Automated Process User
true,false,a1K5r000006yfVnEAI,false,false,,a1L7E000001q67VUAQ,qpa-complaints-wfstep-031,,a1K7E000004R2O4UAK,Automated Process User
true,false,a1K9O000000OZ33UAG,false,false,,a1L9X000001DOSAUA4,a1L9O000000Yb6nUAC,,a1K9X000000SV2TUAW,Automated Process User
true,false,a1K9O000000OZ4fUAG,false,false,,a1L9X000001DOSBUA4,a1L9O000000Yb8PUAS,,a1K9X000000SV2UUAW,Automated Process User
